id,document,page,split,has_signature,group,url,pdf_sha256
d151_p006,d151,6,dev,True,epa.gov,https://www.epa.gov/system/files/documents/2023-04/EPA%20KLHK%20MOU%20English.pdf,60382bd56098eb270594a4a1c9c0165a15d8c7d0fd68a91543f9038eff49e036
d068_p011,d068,11,dev,False,rcf-wb6.org,https://rcf-wb6.org/wp-content/uploads/2021/02/RCF-EoI-form-.pdf,394f2236580fbe56adc2a4b39b6fef83427c66a1e82ea9461901dfbfee058c3c
d086_p007,d086,7,dev,True,epa.gov,https://www.epa.gov/system/files/documents/2023-12/2023-decentralized-mou-agreement.pdf,cc0892de45ae8c2ac0ed6fd0ffc50fc33ed24e5f7840a649a588944c72e378f0
d083_p001,d083,1,dev,False,bip.umb.edu.pl,https://bip.umb.edu.pl/pl/attachments/download/14228,45fcde5e42e88907d4e869b34fbb845583a9581b560747b778292b68bf66b71f
d047_p001,d047,1,test,False,bip.powiatrypinski.pl,https://bip.powiatrypinski.pl/download/attachment/10263/1zarzadzenie-52-2025-regulamin-zamowien-ponizej-170-tys-31-12-2025.pdf?v=1767949503,c22fb1c3f70c9a38173fb92cea9040f96ccb34b186775315edae047e3464171a
d074_p005,d074,5,dev,False,ug.edu.pl,https://wns.ug.edu.pl/sites/wns.ug.edu.pl/files/_nodes/strona/114461/files/zarzadzenie-05-2023_1.pdf,c29e468653e7f820bcfc7058123615a062fa2a186e1f75b74f30d64c19dc2a1f
d071_p002,d071,2,dev,False,arpc.gov.au,https://arpc.gov.au/wp-content/uploads/2026/03/Senate-Continuing-Order-no12-for-period-1Jan-to-30Jun2025-To-Treasury.pdf,d7bfec0ac013069f8f3f6e4d5aff06af962d2b153c44bb662f142075094a2e46
d024_p002,d024,2,test,False,bip.gogolin.pl,https://bip.gogolin.pl/download/attachment/99396/zarzadzenie-burmistrza-gogolina-nr-ori0050412017-w-sprawie-zmiany-regulaminu-organizacyjnego-urzedu-miejskiego-w-gogolinie.pdf?v=1602661639,c23c534d5a5e8318300904026bc8e0481415866a68caa924583d375c9fc318b3
d041_p001,d041,1,dev,False,bip.strzeleczki.pl,https://bip.strzeleczki.pl/download/attachment/45821/nr-rm00503622026-z-17072026-r-w-sprawie-zmiany-zarzadzenia-nr-rm00503462026-burmistrza-strzeleczek-z-dnia-30-czerwca-2026-r-powolania-komisji-rekrutacyjnej.pdf?v=1785841424,cb2a8a2a2fc595c2171bd72fa2e5ba6c2e3a80d3c18291b18695d32480a1cda4
d017_p008,d017,8,test,False,abhi.org.uk,https://www.abhi.org.uk/media/2768/diagnostics-a-future-roadmap.pdf,0b997fa4acd608f82986e520d23cf79a6743a950d5f43c2f585a5a75291581cd
d036_p005,d036,5,dev,True,epa.gov,https://www.epa.gov/system/files/documents/2022-08/2011%20Signed%20Agreement.pdf,a9fb9c3966c980801d1654d1183138d06e8f2664812b15429d6a7361d4103ac3
d016_p001,d016,1,test,True,energy.gov,https://www.energy.gov/sites/default/files/2016/04/f30/Final-HRP-Memo-712-Clarifications-Under-the-Existing-Rule-Signed-8-20-13.pdf,a569ca239cf2ae664a82b6237954a4211131ab49a20c598926e73ae82c4fecaf
d159_p001,d159,1,dev,True,bip.strzeleczki.pl,https://bip.strzeleczki.pl/download/attachment/46337/nr-rm00503812026-z-07092026-r-w-sprawie-powolania-komisji-rekrutacyjnej-skan.pdf?v=1790244787,d9c3b833750e21b7435924e624c8efc09836b9a24d9bbe30379970810c59197b
d149_p008,d149,8,dev,True,epa.gov,https://www.epa.gov/system/files/documents/2025-11/npdes-erule-mou-il_0.pdf,1446c5d9402ce9216f70d50d80d9a3d175bdbfb27ec3a9e36db263b4688cff5a
d028_p014,d028,14,dev,False,epa.gov,https://19january2021snapshot.epa.gov/sites/static/files/2020-03/documents/adi-ais_-pia-npp_final-2020_0.pdf,142c7db280ac61b5af33cd485dd9aa4086b7c00f6895708606cedbadfbb31cba
d056_p001,d056,1,test,False,lomza-api.bip.net.pl,https://lomza-api.bip.net.pl/api/attachments/7883,5c6a7ecf15e7591a1ac9edbc06d743f58f3c5c8b4cae193b0a87a9f8db335bae
d084_p022,d084,22,test,True,uis.edu,https://www.uis.edu/sites/default/files/2025-11/NTT-UIS%202024-2027%20Agreement%20Updated.pdf,f263c8db6cec6061d71b0378db49c8d0740dd22eda0e6a17bf7d5a373372d7ac
d077_p001,d077,1,dev,True,bip.lesnica.pl,https://bip.lesnica.pl/download/attachment/28764/zarzadzenie-nr-00504232026-burmistrza-lesnicy-z-dnia-13-sierpnia-2026-r-zmieniajace-zarzadzenie-w-sprawie-powolania-komisji-przetargowej-skan.pdf?v=1787122031,3d4579e673e109ddb2a108395bb10789fbdc7e979af5c0a977cc290092d3f249
d080_p008,d080,8,dev,True,epa.gov,https://www.epa.gov/system/files/documents/2025-05/npdes-erule-mou-nj.pdf,567f93f6643981d12f8a603aa42d0d9e9f0814eaf9a03c82b444ad30442f7f2c
d018_p006,d018,6,dev,False,bip.lesnica.pl,https://bip.lesnica.pl/download/attachment/27791/zarzadzenie-nr-00503412026-burmistrza-lesnicy-z-dnia-4-lutego-2026-r-w-sprawie-ogloszenia-naboru-uzupelniajacego-na-czlonka-komitetu-rewitalizacji-skan.pdf?v=1770286831,0feb62f855cbf883990dc12eecdef73cab84b61211f0a64cf91fc9b66415cd6d
d043_p005,d043,5,dev,True,epa.gov,https://www.epa.gov/system/files/documents/2022-08/Flanders%20-%208.23.22.pdf,e7ae0ddba8b7c95ce36fdcc00b5367b5e578bbb8279088090aef4ca23a118e04
d048_p001,d048,1,test,False,bip.pans.krosno.pl,https://bip.pans.krosno.pl/attachments/3438/download,141f4db188e7a250bd057a09f84cb833f45e6847f574a27df44b37496012c516
d087_p001,d087,1,test,True,bip.pans.krosno.pl,https://bip.pans.krosno.pl/attachments/3835/download,3cf54fa8b225765ebf8c6213e2c2beb0e374e088798c867ca4c6f7a5874fd79a
d104_p001,d104,1,dev,True,bip.lesnica.pl,https://bip.lesnica.pl/download/attachment/28934/zarzadzenie-nr-00504422026-burmistrza-lesnicy-z-dnia-22-wrzesnia-2026-r-w-sprawie-powolania-komisji-przetargowej-skan.pdf?v=1790075976,92de9e012cb65c07a8133b9db56709e07293080e7910ec346414b4bd5d983bfb
d010_p004,d010,4,dev,True,epa.gov,https://www.epa.gov/system/files/documents/2022-08/2005%20Signed%20Agreement.pdf,b1d2f6f6d4c84d7dcd14b93edce5a9a83741ab60ae7a30ab7a003473440b75b4
d097_p009,d097,9,dev,True,epa.gov,https://www.epa.gov/system/files/documents/2023-11/npdes-erule-mou-ct.pdf,38cc23c77b5da888c6aee6c7ee4fe4c29837be4ecdbe96357b7badf48d7ccd80
d009_p001,d009,1,test,False,doi.gov,https://edit.doi.gov/sites/default/files/elips/documents/personnel-bulletin-20-04-standard-position-description-it-specialist-customer-supportmemo-and-pb-signed-4.15.2020-v3.pdf,a17decdeb0e2c99d06fcd0c3333fd1d0045f3ffa8e1a3ce05c17e3a894dba256
d012_p009,d012,9,dev,False,gov.scot,https://www.gov.scot/binaries/content/documents/govscot/publications/foi-eir-release/2018/03/foi-18-00534/documents/e-mails-pdf/e-mails-pdf/govscot%3Adocument/E-mails.pdf,17d57e64fe35a2cf4f2f06a947b43e89d6c932f92638f208c0b0c7b36d17d334
d023_p001,d023,1,dev,True,bip.strzeleczki.pl,https://bip.strzeleczki.pl/download/attachment/46375/nr-rm00503892026-z-25092026-r-w-sprawie-ustalenia-oplat-za-wynajem-sali-biesiadnej-w-raclawiczkach-skan.pdf?v=1790587458,8dd0645d18cab6772ffd3691dc408792fc724cade7a287f05548e726c3088a21
d050_p007,d050,7,test,True,noaa.gov,https://repository.library.noaa.gov/view/noaa/13334/noaa_13334_DS1.pdf,8ff63e0acc912c6fd38a97c78180af983b299f17105b678dde897f10dff73eae
d027_p002,d027,2,test,True,london.gov.uk,https://www.london.gov.uk/sites/default/files/the_prime_minister_0.pdf,6b138dacc5da628bb667fa887294a1a417774bfd444d121ec7310c06e377302c
d073_p016,d073,16,test,False,lomza-api.bip.net.pl,https://lomza-api.bip.net.pl/api/attachments/7884,4115ad0b0d4e13cdef5ca878a7a3b358d16fce76c2524bc5ff6487db6f4d9e32
d025_p026,d025,26,dev,False,wimim.zut.edu.pl,https://wimim.zut.edu.pl/fileadmin/pliki/users/246/wydzial-jakosc/sprawozdania/WIMiM_sprawozdanie_WSZJK_2021_2022.pdf,fa9f9b70b77680702ea6cfbf378e06f04a9e17e70e04151e2421b0accfbee12b
d039_p001,d039,1,test,False,lomza-api.bip.net.pl,https://lomza-api.bip.net.pl/api/attachments/6984,ff1de1936044345a7c2acb9e0a824266c66c2291fa6fb8cebc6ee9fc317264f3
d122_p002,d122,2,test,True,london.gov.uk,https://www.london.gov.uk/sites/default/files/business_letter_to_the_prime_minister.pdf,f36dd05020690ef0f44b101bcf4878b5a705854202e0eeb7448294e15799fb5e
d109_p006,d109,6,dev,True,epa.gov,https://www.epa.gov/sites/default/files/2016-09/documents/final_mou.pdf,a145bb00e0172848e837903d60d5944e3a9be7e84dfc740c8c8da59fe1506445
d103_p006,d103,6,dev,True,epa.gov,https://www.epa.gov/sites/default/files/2017-11/documents/2017_decentralized_mou_agreement_app_a_final.pdf,dec87121d71c719c01cac2b5877336a772f4d93594c77badd25aec495a546a65
d019_p001,d019,1,test,False,doi.gov,https://www.doi.gov/sites/default/files/elips/documents/512-dm-4-5-ts.pdf,9f58143203d2aa3b420c9750c42379b68e7e0944646a36ec8015ee315d03c397
d128_p001,d128,1,test,True,bip.powiatrypinski.pl,https://bip.powiatrypinski.pl/download/attachment/10260/1zarzadzenie-52-2025-scan.pdf?v=1767949503,3c39120c48274e1fb1d64b7ae3df839c6057658672984b63acec9860b9216cb8
d130_p003,d130,3,test,True,noaa.gov,https://repository.library.noaa.gov/view/noaa/13384/noaa_13384_DS1.pdf,2937ee165053018b6efefea6d4cfb22845e2ae017ca09b3aeac7715905be45d1
d143_p001,d143,1,dev,True,bip.strzeleczki.pl,https://bip.strzeleczki.pl/download/attachment/43677/nr-rm00502922026-z-16022026-r-w-sprawie-ustalenia-stawki-czynszu-za-lokal-uzytkowy-polozony-w-zielinie-przy-ul-prudnickiej-6-skan.pdf?v=1771411754,11c620e1e0f69da069f7aadf8fcc87d4e76fd4f0935dd10b914e8cd564689360
d021_p005,d021,5,dev,False,bip-v1-files.idcom-jst.pl,https://bip-v1-files.idcom-jst.pl/sites/3137/wiadomosci/699926/files/zarzadzenie_nr_140.pdf,f025e761af977292edbfb97715c1890ab7610781b2ff3a2d2865b8aa3f0fe838
d011_p001,d011,1,test,False,lomza-api.bip.net.pl,https://lomza-api.bip.net.pl/api/attachments/6985,eac3d08bc58f8285d0db9b2d15b8d5ffaaa991283e38e3a698669cc6e1590628
d006_p007,d006,7,test,True,bip.powiatrypinski.pl,https://bip.powiatrypinski.pl/download/attachment/10266/1aregulamin-do-zarzadzenia-52-2025-skan.pdf?v=1767949504,cf7e95efbf74d4bbaa6a5186a64f3462b79e0bd821555d6638d3e857e8994a51
d126_p008,d126,8,dev,True,epa.gov,https://www.epa.gov/system/files/documents/2022-03/npdes-erule-mou-vi.pdf,7f8862cbd6bdad54b9e032514a1d72c93772b404925f79e324f7fd10f723f54a
d051_p002,d051,2,dev,False,epa.gov,https://www.epa.gov/system/files/documents/2022-02/updated-wa_epa-ec_feb-2-2022-final.pdf,7d2988f98c36358f04d83475b0a92725bc7366db192c5446bfa953316282dfc7
d058_p006,d058,6,dev,False,epa.gov,https://www.epa.gov/system/files/documents/2022-07/npdes-erule-mou-r07.pdf,0ff3e7a0d5de9ea79fcba48bed4f658f5c78687c4f0894e602ef21b58cffd04b
d007_p006,d007,6,test,True,hau.ac.in,https://hau.ac.in/storage/app/uploads/Qw3MLhT650UkCkd58ymo9Z90LSA9g6F6Owrc3sAa.pdf,8727093d9a04f17027890b27db0503eb62ec6bbebde40d7e7b0429c6650225dc
d042_p001,d042,1,dev,True,UK-government-assets,https://assets.publishing.service.gov.uk/media/5e56856986650c53b2cefbb4/iicsa-response-letter-to-alexis-jay-obe.pdf,251b5c72e7861b45fef20d10e546dbdcc550b87cd30a299e4bd7a423057ce227
d040_p009,d040,9,test,True,doi.gov,https://www.doi.gov/sites/default/files/signed-mou-with-department-of-labor-on-gji.pdf,b1cf02f8110e9aba7dc4d14e48b81c33f6651216997497b8e44113ca1e3c004d
d082_p003,d082,3,dev,True,bip.strzeleczki.pl,https://bip.strzeleczki.pl/download/attachment/45290/nr-rm00503412026-z-25062026-r-w-sprawie-zmian-planow-finansowych-jednostek-organizacyjnych-gminy-strzeleczki-na-2026-r-do-uchwaly-nr-xxxiv-203-26-skan.pdf?v=1783068648,b54bc3850f965ea5c5e2c7987cc9281f94ae0d5cfd1a27ac23dab24aec43b744
d032_p007,d032,7,dev,False,epa.gov,https://www.epa.gov/system/files/documents/2022-05/npdes-erule-mou-r09.pdf,72a67b4ef10ef7e1ac71a6cddc72111ea8476d97c2bf7a82f8ffd7bc383f7c4f
d059_p003,d059,3,dev,False,epa.gov,https://www.epa.gov/system/files/documents/2024-08/castnet-factsheet-2024_final_0.pdf,f42ef4a132938d2454f36de529cf1360c190ee755c7ec76628ec9dca7fce064a
d002_p011,d002,11,dev,False,ug.edu.pl,https://bip.ug.edu.pl/sites/default/files/nodes/akty_normatywne/109928/files/zalacznik_nr_7.pdf,fa21724d869416758c34bb469b9f03b783dffd0bf43e48a71bcefbdc054b16c9
d063_p010,d063,10,dev,False,gov.pl,https://www.gov.pl/attachment/2ae6040c-b61a-48b4-86e3-35c5e7c0e7ad,fb6431348f14cf7cedad4945e474dcebb925f06df34748ca9605dce1e4902a21
d022_p005,d022,5,dev,True,epa.gov,https://www.epa.gov/system/files/documents/2023-11/mou_us-epa_and_peru_oefa_english.pdf,bcc69c74bb76b108c91d48568b2e24ebad9b852f64c96ade96b416bc139de3c9
d029_p010,d029,10,test,False,bip.ideis.pl,https://bip.ideis.pl/attachments/1264/download,9f4470c4ecf2e21848d1814ae87d562347ab72659325f3d468f3fd6aed0f9d74
d100_p001,d100,1,dev,True,bialystok.pl,https://bip.bialystok.pl/resource/104820/Zarz%25C4%2585dzenie+466+%2528skan%2529.pdf,c8bb84029539afeb17f19e29a2cb4e0f6c32599008fe8a2d25ffa82f92820648
d072_p002,d072,2,dev,False,arpc.gov.au,https://arpc.gov.au/wp-content/uploads/2024/03/Senate-Continuing-Order-no.-12-for-period-1-Jul-to-31-Dec-2023_To-Publish.pdf,366f017ce84a3452cd00a5b87e873436ffc98dc0d4693a2598ccd8efc26be102
d070_p001,d070,1,test,False,bip.pans.krosno.pl,https://bip.pans.krosno.pl/attachments/4611/download,6464a9e51dfc3ec08f623224d317f5f284e483dd7547f025f403b101b2cc99a0
d057_p001,d057,1,dev,False,bialystok.pl,https://bip.bialystok.pl/akty_prawne/zarzadzenia_prezydenta/zarzadzenia-prezydenta-20242029/zarzadzenie-nr-88524.html?format=pdf&pagespeed=noscript,565d253d494e0d16eee7fd12bf701753e4741ba02849bd3801cee842d3a0a00e
d044_p007,d044,7,test,False,monitor.uw.edu.pl,https://www.monitor.uw.edu.pl/Lists/Uchway/Attachments/4220/M.2017.256.Zarz.66.pdf,8efd8bfad90c9be97a622ac9b7f654b2e75ffd1fe87a24b278b856a8deddf84d
d001_p009,d001,9,dev,True,epa.gov,https://www.epa.gov/system/files/documents/2022-06/npdes-erule-mou-me.pdf,699736454eb963b462b3c5a6dbb1de8ad5c07c0d2c7009cc279a1cb3f9271697
d052_p001,d052,1,test,False,lomza-api.bip.net.pl,https://lomza-api.bip.net.pl/api/attachments/6983,c506985b9d487baaf1b6fdc7b1d3e063b699e418afce64b8780d97b4b1249f3b
d026_p001,d026,1,dev,False,epa.gov,https://www.epa.gov/system/files/documents/2022-02/application-form-4.pdf,cc38541ac112242d70a9d6c7fdc2f99620f64fbd6cb57e33ef001aad60b1931d
d123_p005,d123,5,dev,True,epa.gov,https://www.epa.gov/system/files/documents/2023-11/usepaxdenr-mou-14nov2023.pdf,7bd1053e6bca275bb2b31f82e662f530308a214c1358302fe5895ed914c8056d
d108_p024,d108,24,dev,True,manuu.edu.in,https://manuu.edu.in/sites/default/files/2022-06/annexure-14-MoUs.pdf,edfb73f3010a27b781455af47ac13903c130ba288b2d45d3fa818f4d646845cc
d069_p002,d069,2,test,True,bip.powiatrypinski.pl,https://bip.powiatrypinski.pl/download/attachment/10272/1bzalacznik-nr-1-do-regulamninu-ponizej-170-tys-12-2025-skan.pdf?v=1767949505,0334e34dc30c5705b80fcacbd8552f1d4718a8bd4c95e52f004251ef763b0076
d090_p008,d090,8,dev,True,epa.gov,https://www.epa.gov/system/files/documents/2025-11/npdes-erule-mou-ga.pdf,f1e72380d10a384bae3106d612992e1f7a3a839fdc0e8ea99d7dab9b8010aee3
d015_p009,d015,9,test,True,noaa.gov,https://repository.library.noaa.gov/view/noaa/11884/noaa_11884_DS1.pdf,67f159b63cb3a8c36718ecd1f148b32ff97a0ae6f5120c4e622b2d5a2e9abba3
d049_p012,d049,12,dev,False,wfp.uniwersytetradom.pl,https://wfp.uniwersytetradom.pl/wp-content/uploads/sites/21/2022/11/5_2020_Dziekana-WFP_Procedura-przeprowadzenia-zdalnego-egzaminudyplomowego.pdf,8b87b29818396d477c63100040331f0264698adb48785e1a7ffa9d30b85fca48
d045_p008,d045,8,dev,False,apps.fas.usda.gov,https://apps.fas.usda.gov/newgainapi/api/Report/DownloadReportByFileName?fileName=April+Rice+Update_Hanoi_Vietnam_04-18-2002.pdf,1a96c34641b93e146369d008ad0b38d367f1f09065638ee84e65a91858a28924
d065_p016,d065,16,test,False,noaa.gov,https://repository.library.noaa.gov/view/noaa/11902/noaa_11902_DS1.pdf,c2d05c17a0d5c683471cbf45d15fda6cd15f06cdd1dc6be8ba18ba2420c5c3e8
d054_p004,d054,4,test,False,doi.gov,https://www.doi.gov/sites/default/files/doi-pathways-mou-fy23-signed.pdf,3fd4dc144b16319ee8ae4dc0e9f56ce887c366d38b3db7b3afdbd35aceb99c5b
d081_p001,d081,1,dev,False,UK-government-assets,https://assets.publishing.service.gov.uk/media/5e56861186650c53b8b5d929/ministerial-letter-iicsa.pdf,353a31cfa1e7961d834d67effffb027123df7bd58ca2927054d3988a33b0d5c3
d157_p006,d157,6,test,True,bip.gogolin.pl,https://bip.gogolin.pl/download/attachment/99401/zarzadzenie-burmistrza-gogolina-nr-ori00501562018-w-sprawie-zmiany-regulaminu-organizacyjnego-urzedu-miejskiego-w-gogolinie-skan.pdf?v=1602663935,24d28245051abc3656242c56de7cdd20943fccfb59ce74d3cfd62576aac874ea
d079_p001,d079,1,dev,False,bialystok.pl,https://bip.bialystok.pl/akty_prawne/zarzadzenia_prezydenta/zarzadzenia-prezydenta-20242029/zarzadzenie-nr-4226.html?format=pdf&pagespeed=noscript,9f62221c4621332ca233d191823706085dd764d27beaf7b3b5d1db9a22eacd81
d152_p003,d152,3,dev,True,uach.cl,https://www.uach.cl/uach/_file/an_usa_26-642339375f9e9.pdf,524dbd6ba07a0dff6273eb2131f5a7e388d4c2536da5c85d0d5ff06eb812d680
d078_p007,d078,7,dev,False,gov.pl,https://www.gov.pl/attachment/85c04970-5ca5-4998-81f1-cf901ff238a5,f692d10bb1dc77b19430866701c13ec94ffe6b348cf5f4df09b3042260e0c274
d003_p007,d003,7,dev,True,epa.gov,https://www.epa.gov/sites/default/files/2021-03/documents/npdes-erule-mou-id.pdf,6685ca8c0ddb8547af650a3ff1a306bf2c344a3ed704fb93919ccfd8c9f0badd
d098_p005,d098,5,dev,True,epa.gov,https://www.epa.gov/sites/production/files/2014-04/documents/indonesia-mou-eng.pdf,eb03d857d2d103b442dbd48ae96e01411791b50ce62537dc508fbced6cf1a4b2
d160_p005,d160,5,test,True,pu.edu.pk,https://pu.edu.pk/del/MOU/18-Int.pdf,ffd74b9207ed2e6edead29edb68773421a97e64529c6b5e0c71e835996cce59a
d046_p001,d046,1,dev,False,bialystok.pl,https://bip.bialystok.pl/akty_prawne/zarzadzenia_prezydenta/zarzadzenia-prezydenta-20242029/zarzadzenie-nr-10826.html?format=pdf&pagespeed=noscript,1c5e218fb26871b95384def68b1223bec1e44a130ec9b8a12d15234f025272aa
d008_p004,d008,4,dev,False,ug.edu.pl,https://bip.ug.edu.pl/sites/default/files/nodes/akty_normatywne/109928/files/zalacznik_nr_8.pdf,564f48217be77baca719659bac8368d927a9e89c174c6b56fe4905404958fac7
d055_p001,d055,1,dev,False,bip.lesnica.pl,https://bip.lesnica.pl/download/attachment/27794/zal-3-regulamin-losowania.pdf?v=1770286832,1f3e207f252808943cdba6566eb65092137330eed8ad720f66ec1b1dd3772e42
d014_p023,d014,23,dev,False,UK-government-assets,https://assets.publishing.service.gov.uk/media/5e56675d86650c53a184c0d5/govt-response-iicsa-recommendation-17.pdf,757e869c77f2d5ba3564d2b5905f11a7f28a1685c313319cefa232f268264e07
d064_p007,d064,7,test,False,monitor.uw.edu.pl,https://www.monitor.uw.edu.pl/Lists/Uchway/Attachments/2207/M.2015.22.Zarz.8.pdf,ffdebe9124f4cd0ea4822d6d4ca95069fd07b63f81193a8571f90999e0c661fd
d033_p005,d033,5,test,False,bip.gogolin.pl,https://bip.gogolin.pl/download/attachment/125678/62-zarzadzenie-burmistrza-gogolina-nr-or0050622025-z-dnia-31-marca-2025-r-sprawie-zmiany-regulaminu-organizacyjnego-urzedu-miejskiego-w-gogolinie.pdf?v=1744279509,78409eb5c10fc176545221b95c55271cf766f865aa43c7da2fc5c1a7264884fe
d120_p001,d120,1,test,True,lomza-api.bip.net.pl,https://lomza-api.bip.net.pl/api/attachments/6981,4c4b7a0c707ad91541b3304d09275f21465d865ad77635a391b7c97fae605995
d037_p003,d037,3,test,True,bip.amuz.wroc.pl,https://bip.amuz.wroc.pl/download/attachment/2243/zarzadzenie-nr-46-2020-rektora-akademii-muzycznej-im-karola-lipinskiego-we-wroclawiu-z-dnia-14-pazdziernika-2020-w-sprawie-wdrozenia-zdalnego-trybu-prowadzenia-zajec-dydaktycznych-oraz-okreslenia-zasad-prowadzenia-zajec-dydaktycznych-w-trybie.pdf?v=1602774050,97911b801e17c6620c5b7c197026707fb5a228e8b96e20ec2cf5065bec407e63
d030_p001,d030,1,dev,True,bialystok.pl,https://www.bip.bialystok.pl/resource/106568/zarz%25C4%2585dzenie+Nr+743+%2528skan%2529.pdf,6b1e1fec1d8fc77025c6ab972b104983d11c3213f5f83721b1c37d3cd4305810
d005_p001,d005,1,dev,True,bip.lesnica.pl,https://bip.lesnica.pl/download/attachment/28582/zarzadzenie-nr-00504032026-skan.pdf?v=1782291426,81d14bee644357e0bf8336c08b3ee6f7cc9018a7f27492be3bdf775ab1a3f2e6
d031_p026,d031,26,test,False,bip.gogolin.pl,https://bip.gogolin.pl/download/attachment/123218/143-zarzadzenie-nr-ori00501432024-z-dnia-1-lipca-2024-r-w-sprawie-regulaminu-organizacyjnego-urzedu-miejskiego-w-gogolinie.pdf?v=1728036541,8d33ebdb8d4e6ca10a9fe72a6b5c3d046d7dcb330d1923017b11f2db6281d47f
d038_p002,d038,2,test,False,bip.powiatrypinski.pl,https://bip.powiatrypinski.pl/download/attachment/10278/1bzalacznik-nr-2-do-regulamninu-ponizej-170-tys-12-2025.pdf?v=1767949505,cf5b303c30b91c698d18a9552479229731305e085958ec23be9e2bc018f2f077
d035_p004,d035,4,test,True,noaa.gov,https://repository.library.noaa.gov/view/noaa/11925/noaa_11925_DS1.pdf,de4987f63593d728d5d680cf07779783baac295691371c7f55853e603eb02243
d062_p006,d062,6,dev,True,epa.gov,https://www.epa.gov/sites/default/files/2020-09/documents/2020_mou_agreement.pdf,509ea88a2679a66b7e7657eb5d19b7bccdef8275fc35806bef0cec8617e806fc
d004_p002,d004,2,dev,False,ug.edu.pl,https://bip.ug.edu.pl/sites/default/files/nodes/akty_normatywne/109928/files/zalacznik_nr_2.pdf,1ef8df15268a3e98639ede4517675b0f4c5f45b19c71b4d8e29f4d7a4f059229
d121_p001,d121,1,test,True,bip.pans.krosno.pl,https://bip.pans.krosno.pl/attachments/4610/download,c56db04ab98ea31d46a037226013bd7f85699685e83e28a65b06e75008c4aa01
d034_p006,d034,6,dev,False,wiskitki.pl,https://wiskitki.pl/wp-content/uploads/2022/09/Zarzadzenie-Nr-97-Burmistrza-Miasta-i-Gminy-Wiskitki-z-dn.-19.09.2022r.-konsultacje-proj.-uchwal-zm.-Statutow-Solectw.pdf,ff98ea182d58efb22e9bf2d32a0f698ecc706038faeea027d5198b6101992212
d116_p008,d116,8,test,True,noaa.gov,https://repository.library.noaa.gov/view/noaa/13354/noaa_13354_DS1.pdf,0b18e2d07672946ecf21f400907e8aa2df2bc1206405507bd9feedf51613bb63
